,FirstName,LastName,Birthdate,Email,PhoneNumber,Churn
0,Neha,West,1948-03-17,kristina68@example.net,(430)850-5833x54065,No
1,Kim,Hale,1969-07-12,martinaguilar@example.net,327.992.7584x80896,No
2,Jessica,Parker,1950-12-18,jenniferchavez@example.net,+1-313-397-0247,Yes
3,Ronald,Walters,1982-09-01,anthony99@example.com,201-526-6734,No
4,David,Phillips,1997-04-20,fbailey@example.org,249.303.2032x93782,No
5,Lisa,Neal,1965-05-10,lucerotammy@example.com,665-693-6145x0839,No
6,Barbara,Garrett,1964-09-21,johnmendez@example.net,+1-802-329-7767x7961,No
7,Melinda,Gomez,2002-12-06,jamesmullins@example.com,(611)988-9560x123,No
8,Matthew,Hester,1960-04-18,bradley69@example.com,001-560-869-1687x92727,No
9,Theresa,Tucker,1942-11-15,thomastodd@example.org,930.528.1424x7385,Yes
10,Elaine,Fleming,1961-07-02,fernandomurphy@example.net,363-918-3541x8959,Yes
11,Bradley,Barry,1993-06-10,darrellmorgan@example.net,7213779957,No
12,Heather,Gregory,1955-09-02,jacob97@example.net,(667)901-5799x9784,Yes
13,Jared,Martin,1982-07-12,rogersashley@example.net,664.262.8927x54082,Yes
14,Debra,Fuller,1997-01-16,xcarroll@example.org,535.958.0140x22460,No
15,Jennifer,Lopez,1951-06-26,cainana@example.org,5096256036,Yes
16,Patrick,Smith,1998-07-19,sotoryan@example.com,5234726092,No
17,Chelsea,Edwards,2005-01-11,pbrooks@example.org,(764)812-0961,Yes
18,Tracy,Garcia,1965-05-24,uwilkins@example.com,(684)472-5601x2695,Yes
19,Kathryn,Hall,1948-06-25,ericksonblake@example.net,(719)585-4371x84394,No
20,Samantha,Morrow,1988-10-31,tdiaz@example.com,303-885-6645,No
21,Tony,Andrade,1990-04-04,shannon20@example.net,785-750-2597,Yes
22,Mark,Lang,1998-05-12,vvalentine@example.com,(390)647-6121,No
23,Michael,Jordan,1979-09-26,hermandwayne@example.com,(453)918-7413,No
24,Stacie,Cunningham,1969-04-02,donald00@example.com,+1-312-390-7716x04965,No
25,Briana,Macias,1948-11-06,catherinehall@example.net,319-730-1713x72062,Yes
26,Patrick,Joseph,1982-03-08,allenjohn@example.com,280.582.2936x759,No
27,Kathy,Blevins,1956-01-11,jacksonbrian@example.com,001-517-346-6541,No
28,Jacob,Jimenez,1962-02-20,nicolevincent@example.org,(560)515-8388,No
29,Aaron,Payne,1951-03-14,pnorton@example.org,(724)510-1365x33817,Yes
30,Shannon,Castro,1972-12-12,trobinson@example.org,850-672-9009,Yes
31,Crystal,Hart,1998-09-20,denisehawkins@example.com,(556)397-8184,Yes
32,Kristine,Summers,1961-02-19,cannongeorge@example.com,258.279.9560x69787,No
33,Ryan,Lopez,1994-05-27,ericasmith@example.com,(353)566-3286x853,Yes
34,Andrew,Lewis,1961-10-06,portertimothy@example.org,(266)274-5289,No
35,Amy,Schwartz,1966-08-05,davidmoses@example.com,(994)433-8439,No
36,Megan,Dyer,2001-09-17,fisherkerry@example.net,8479999304,Yes
37,Taylor,Kim,1945-12-05,robert04@example.com,282.596.4498,No
38,Katherine,Wilson,1948-01-28,zsandoval@example.net,+1-684-809-3023,Yes
39,Lee,Butler,1997-06-21,nicolekim@example.net,+1-560-830-7352x623,Yes
40,Austin,Garrett,1966-09-16,richard31@example.org,649-851-5359x5059,Yes
41,Brooke,Thomas,1970-02-06,hparker@example.org,203-752-4885x9898,Yes
42,Sean,Chambers,1991-09-23,jjones@example.net,(760)427-4306x1784,Yes
43,Samuel,Robinson,1947-12-31,yshannon@example.org,+1-242-300-3572x581,No
44,Tina,Porter,2002-10-19,tbest@example.com,001-218-360-2915x248,Yes
45,Jeff,Shields,1960-04-18,vgonzalez@example.com,+1-889-540-2590x1879,Yes
46,Dorothy,Meyer,1998-08-03,rgonzalez@example.net,276.314.0266,No
47,Reginald,Harrell,1962-08-29,edward01@example.org,291-858-2598x19494,No
48,Cathy,Knight,1997-03-10,owhite@example.net,+1-330-606-5340,Yes
49,Samantha,Baldwin,1979-06-16,eric53@example.net,9115218609,No
50,Sheila,Patton,1990-05-07,heather31@example.org,001-262-527-7494x385,No
51,Mary,Adams,1989-10-30,hensleyantonio@example.com,720-616-9264x502,Yes
52,Dana,Miller,1978-03-23,pstephens@example.org,6284045273,No
53,Geoffrey,English,1976-10-15,iscott@example.com,001-226-885-5706,Yes
54,Jennifer,Cooke,1986-02-20,zmiller@example.org,(292)653-4579x459,No
55,Timothy,Hill,1942-12-03,imorales@example.com,001-987-275-2266x4400,No
56,Kevin,Vasquez,1985-07-08,martincaleb@example.net,371.307.6049,Yes
57,Susan,Oneill,1997-11-20,thomasburke@example.net,418.695.4803x5032,No
58,Theresa,Guerrero,1980-03-05,angela66@example.com,001-500-269-7137x16612,No
59,Anthony,Butler,1951-07-15,burkelaura@example.com,+1-575-410-3060x0039,Yes
60,Teresa,Garcia,1985-03-04,christinageorge@example.org,(492)630-9481x2168,No
61,Andrew,Garcia,1994-11-24,cranedebra@example.com,712.392.3984x16109,Yes
62,Bobby,Phillips,1950-09-26,freyashley@example.net,(781)690-6715x54637,Yes
63,Tiffany,Calhoun,1969-12-19,darleneodom@example.com,680-693-2322x918,Yes
64,James,Dominguez,1945-09-22,melissa52@example.org,+1-560-599-6919,Yes
65,Erin,Martinez,1969-06-04,johnstonlarry@example.org,(413)297-7267x2746,No
66,Keith,Harvey,1960-08-02,chandawn@example.org,411.472.2764x556,No
67,Daniel,Orozco,1995-07-26,whitneyzamora@example.org,(407)834-2945x0538,Yes
68,Jacob,Williams,1950-10-14,hallaustin@example.com,223.221.4123x3237,Yes
69,John,Williams,1986-03-20,vicki38@example.org,832-483-7132x9568,Yes
70,Troy,Chapman,1989-05-20,karenrose@example.com,9979389286,Yes
71,Angela,Warren,2000-03-02,terrigarcia@example.net,+1-742-570-0406x935,Yes
72,Andre,Neal,1992-06-19,wendyward@example.org,804.960.1755x2825,Yes
73,Crystal,Coleman,1954-07-06,melissa19@example.com,+1-724-613-9403x996,No
74,Katherine,Johnson,1997-05-12,deannawalsh@example.net,8197103819,No
75,Jacqueline,Howell,1956-12-27,sgarner@example.org,+1-203-792-3150,Yes
76,Douglas,Hicks,1962-07-12,pughalicia@example.com,855-377-4890,Yes
77,Keith,Thompson,1987-01-27,james78@example.net,855.579.1424x2657,No
78,Amy,Mann,1957-06-04,jsmith@example.com,424.400.4128x7546,No
79,Joseph,Medina,1952-09-27,kyle94@example.com,+1-379-521-8027x948,No
80,Jacqueline,Serrano,1999-03-01,otran@example.com,001-987-865-0439x272,No
81,Stacy,Murphy,1961-02-28,austin34@example.org,+1-991-280-0936,No
82,Jason,Wilson,1963-06-04,andersonangela@example.net,348.677.2043,Yes
83,Veronica,Taylor,1954-11-29,gregory34@example.net,722-218-0124,No
84,Joshua,Holland,1991-02-11,xhernandez@example.net,001-851-616-9161,Yes
85,Sherri,Walters,1946-07-16,michael23@example.com,9743360925,No
86,Paul,French,1944-07-30,theresalong@example.com,001-973-885-2004x545,No
87,Zachary,Beck,1965-03-09,nicholskristen@example.org,237-742-2103x043,Yes
88,Victor,Smith,1952-03-05,jennifergarner@example.net,299.365.0538,Yes
89,Pamela,Reynolds,2001-09-20,johnsontimothy@example.com,686-534-2502x441,Yes
90,Jennifer,Rhodes,1967-09-28,lopezcameron@example.org,454-933-2134x907,No
91,Amy,Bell,1944-10-09,jessicawilliams@example.net,001-701-753-2680x3470,Yes
92,Rebecca,Scott,1960-04-14,rileyjean@example.net,3547365009,Yes
93,Alex,Greene,1943-01-23,desireemendoza@example.org,(798)485-7735,No
94,Patricia,Davis,2000-04-27,lsmith@example.org,(537)733-4251x07817,Yes
95,Gregory,Brady,1960-03-28,jeffrey37@example.net,001-847-288-2425x209,No
96,Amanda,Hughes,1963-05-15,pwilson@example.net,+1-466-740-2148,No
97,Kayla,Garza,1999-01-11,steven72@example.org,388-809-6315,Yes
98,David,Jackson,1971-02-04,moyerjames@example.com,(239)356-6578x636,Yes
99,Ashley,Hess,2004-09-20,bautistabrittney@example.org,8632434490,Yes
100,Kara,Atkins,1998-09-19,johnsonmichael@example.org,(785)322-9641x480,Yes
101,Tonya,Ward,1956-02-28,pcampbell@example.net,001-901-272-6285x79899,Yes
102,Robert,Mcdowell,1999-12-04,hintontheodore@example.net,550.476.6881x0701,Yes
103,Jessica,Pope,1978-08-08,richmondalice@example.com,840.250.0584x458,Yes
104,Steven,Smith,1994-01-04,rshah@example.com,865-881-7104x320,Yes
105,Kristopher,Burnett,1964-08-23,lijames@example.com,+1-443-946-5721,Yes
106,Holly,Lee,2003-05-14,hcollier@example.net,985-369-1749x7527,Yes
107,Robert,Casey,1947-07-15,kfarmer@example.com,(424)885-5558x779,No
108,Lisa,Morales,1950-03-15,mckenziekelsey@example.com,+1-830-589-6984,Yes
109,Joshua,Henderson,1974-06-23,baileybrenda@example.net,7957292365,No
110,Jonathan,Wiley,1974-06-04,johnpierce@example.net,001-632-744-9137x979,Yes
111,Paul,Browning,1996-04-09,laurieadkins@example.org,(768)615-6548x645,Yes
112,Shelly,Conrad,2003-06-24,beverly12@example.net,(791)626-9635,Yes
113,Michael,Fleming,1979-01-29,michaelallen@example.com,(591)614-8861x20041,Yes
114,Amy,Whitney,1948-03-03,landrybrendan@example.net,(385)372-1752x948,Yes
115,Nancy,Beck,1984-10-16,nfrye@example.net,7432794788,Yes
116,Joseph,Mcdonald,2005-02-15,aprilmckay@example.com,(219)418-9727,No
117,Scott,Howell,1988-01-16,jamesherrera@example.net,(947)784-0570,Yes
118,Richard,Donaldson,1980-03-13,robinsonkatherine@example.com,+1-246-720-6380x13094,Yes
119,Chase,Downs,1946-06-04,wilkersoncurtis@example.com,600.447.6746x397,Yes
120,Dennis,Hill,1978-02-02,wrightrobert@example.com,+1-247-359-5298x977,No
121,Jorge,Briggs,1969-01-12,ojackson@example.com,001-412-739-9949x976,Yes
122,Betty,Walters,1982-12-01,justinlozano@example.com,(485)472-6537x453,No
123,Nathan,Camacho,1943-01-16,richard68@example.net,001-525-908-5551x09324,Yes
124,Thomas,Watson,1955-04-16,christophermcfarland@example.com,(508)965-0341x39206,Yes
125,Paul,Martin,1958-08-16,martinmark@example.com,945-260-7147x3716,Yes
126,Paul,Carson,1961-09-26,reynoldssamantha@example.org,741.477.1732x10292,No
127,Sheri,Evans,1951-08-05,keithhenderson@example.org,+1-741-320-1202,No
128,James,Hayes,1991-10-17,dhall@example.com,247-598-6408,No
129,Adam,Dominguez,1953-08-18,davidwright@example.net,873-822-0874x238,Yes
130,Daniel,Patterson,1981-09-19,moorekirsten@example.com,001-456-763-1179x095,Yes
131,Kathleen,Strickland,1973-11-13,erin71@example.net,001-302-442-5615,No
132,Cheyenne,Delgado,1946-02-26,jonathon09@example.net,608.957.1426x600,Yes
133,Philip,Johnson,1984-06-20,navarromichelle@example.net,813-566-1374x640,Yes
134,Tonya,Patton,1943-05-01,michael32@example.org,746-275-7649x0147,No
135,Jennifer,Powers,1984-07-14,epotter@example.org,2383411280,Yes
136,Donald,Espinoza,1947-07-29,zjohnson@example.com,001-694-890-1852,No
137,Ashley,Hill,1987-11-10,ronald30@example.org,001-688-575-1207x6862,No
138,Stephanie,Steele,1987-02-21,qmoore@example.net,795.203.5994x1849,No
139,Alicia,Walker,1951-01-27,jennifermcintosh@example.net,+1-263-696-5680x04819,Yes
140,Roy,Hunter,1990-01-10,copelandcynthia@example.org,815-526-1800x5259,Yes
141,Sandy,West,1980-06-11,epatterson@example.net,797-498-0275x95653,Yes
142,Amber,Barnes,1944-05-12,dana99@example.com,+1-672-588-7582,Yes
143,Erica,Banks,1949-12-04,rodneyjohnson@example.org,776-769-3757x0862,Yes
144,Roger,Holloway,1950-03-30,perezrobert@example.org,9129557588,No
145,Eric,Burke,1991-01-30,shannon94@example.net,(434)888-2239,No
146,Ethan,Craig,1994-07-12,williamsseth@example.org,539-933-1711x64341,Yes
147,William,Sanford,1950-08-06,terrystephen@example.net,001-646-526-7685x980,No
148,Lisa,Morton,1956-12-13,trichardson@example.com,001-505-289-7171x056,Yes
149,Sharon,Boyd,1943-04-24,justin02@example.com,369.596.6284x52430,Yes
150,Kristina,Rodriguez,1973-12-16,christopher67@example.com,407-385-4251,No
151,Dennis,Brandt,1945-11-13,hhart@example.com,(740)274-2774x9716,No
152,Kathryn,Ramirez,2005-04-02,ruizlisa@example.org,(869)578-6331,No
153,Rachel,Simmons,1991-11-21,washingtonjames@example.org,498.396.8166,No
154,Christina,Gray,1956-02-24,kristen54@example.net,+1-581-925-0859x93897,No
155,Melissa,Sawyer,1998-09-04,williamunderwood@example.org,665-940-9423x20207,No
156,Jeremiah,Washington,1987-06-18,brownjacqueline@example.org,001-614-667-3975,Yes
157,Anthony,Taylor,1944-08-13,igibson@example.org,001-565-580-3338,Yes
158,Gerald,Brown,1981-12-18,lindsey77@example.com,463.326.2520x726,No
159,Megan,Dixon,1957-08-09,robertsimmons@example.org,(414)962-1143,Yes
160,Eric,Greene,1978-01-17,pamela60@example.net,001-347-529-8339x12334,No
161,Nathan,Rodriguez,1961-11-28,yolandarivera@example.com,(503)984-8764,Yes
162,Melissa,Aguilar,1966-12-20,jessicalucas@example.net,680-534-7968x035,No
163,Brandon,Robinson,1959-04-25,fstevenson@example.net,917.988.7551,Yes
164,Amy,Solis,1993-11-18,sethhayes@example.net,770-455-0479,Yes
165,Whitney,Grant,1991-08-30,wattskristina@example.org,423.458.1848,No
166,Jennifer,Anderson,1986-01-24,jessejones@example.net,+1-802-276-6133x4472,No
167,Christina,Horne,1947-06-18,meghan39@example.com,(578)511-9580x19220,No
168,Nicole,Allen,1950-08-06,robinsonsharon@example.net,001-712-771-1521x82650,No
169,David,Boyle,1958-03-18,robertpeters@example.com,270-851-7628x2824,Yes
170,Samuel,Moore,1951-07-28,benjamin85@example.net,200.265.2508,No
171,Derek,Ayers,1963-10-27,jillgray@example.com,+1-902-388-9360x1134,No
172,Ethan,Gibson,1997-08-06,vmoran@example.net,(334)608-4640x96403,No
173,Jason,Vega,1990-01-03,aprilbarber@example.net,(249)762-7848,Yes
174,Michelle,Bradshaw,1989-06-04,john04@example.org,585.229.1514x958,Yes
175,Jennifer,Hughes,1961-11-04,jeffrey07@example.com,893.999.1377x1342,Yes
176,Kimberly,Kline,1963-03-25,andersonmary@example.org,837-616-0239x311,No
177,Jasmin,Mercer,1943-02-22,xshelton@example.org,(867)350-1558,Yes
178,Stacy,Espinoza,1966-11-28,wmccarthy@example.net,+1-424-826-8725x0366,Yes
179,William,Clements,1998-01-10,james61@example.net,(784)579-8747,Yes
180,Michelle,Garza,1988-10-31,jacksonchelsey@example.org,+1-436-682-2111x15225,No
181,Wendy,Gilbert,1974-11-26,hopkinsjeffrey@example.net,001-517-857-7552x4087,No
182,Morgan,Scott,1967-02-14,sherryrose@example.com,001-342-732-9281x256,No
183,Brian,Hill,1987-11-22,hannahgill@example.org,936.904.5464,Yes
184,Megan,Bailey,1986-01-30,xpage@example.net,001-472-833-4173,No
185,Kelly,Owens,1950-08-08,daniellebarnes@example.com,001-950-292-9854x36015,No
186,Alexander,Stephenson,1955-01-08,lisa46@example.com,361.268.7064x5605,Yes
187,Andrew,Price,1968-10-25,benjamin42@example.com,885.502.1813x914,Yes
188,Sara,Miranda,1971-11-11,jennifergarcia@example.net,494-422-4575,No
189,Randall,Rogers,1955-06-19,ramseyamy@example.org,775.830.6391x512,Yes
190,Victor,Rogers,1985-06-05,plawson@example.org,001-414-977-1736,No
191,Jose,Moore,1949-08-28,andrewgibbs@example.org,327.617.6198,Yes
192,Richard,Hawkins,1948-06-07,iwolfe@example.org,426-680-9102x11147,No
193,Nicholas,White,1947-04-10,dmcdonald@example.com,(231)300-9846x062,No
194,Sharon,Jackson,1970-01-03,fisherrichard@example.com,702.951.5485,Yes
195,Elizabeth,Yoder,1944-02-02,martinpatrick@example.com,953.331.4431x6502,Yes
196,Jeffery,Glover,1951-02-12,kristen56@example.org,001-407-378-8539x90732,No
197,Kelly,Jones,1963-06-16,turnercameron@example.com,307-780-5544,No
198,Ann,Douglas,2004-10-23,peggyjones@example.org,440-934-3470x1076,No
199,Brandon,Peters,1956-11-20,kharvey@example.net,680.353.2445,No
200,Kevin,Coleman,1964-10-27,schmidtjared@example.net,321-409-0224x348,Yes
201,Jerry,Cabrera,1957-03-03,corey67@example.org,618.805.8150x027,No
202,Crystal,Johnson,1981-06-08,hollyrogers@example.org,453-938-0631,Yes
203,Dawn,Martin,1995-06-20,anthonycastillo@example.com,286.485.0570,Yes
204,April,Thompson,1950-08-30,jsnow@example.org,545-242-1354x714,Yes
205,Lindsay,Yates,1976-08-28,robertsmaureen@example.com,351.576.4434x7783,Yes
206,Andrew,Palmer,1962-04-14,brandonpowell@example.net,001-292-937-9209,No
207,Michael,Henderson,1967-05-21,matthewcopeland@example.net,799.479.6866,No
208,Justin,Walsh,1968-02-29,robert62@example.com,674.258.5263x400,No
209,Yolanda,Richardson,1997-10-05,franklinsean@example.org,286-929-0328,Yes
210,Jacob,Shaw,1957-11-17,vjackson@example.net,842.326.6687x361,Yes
211,Barbara,Baker,1981-10-13,wileyelizabeth@example.com,(686)352-1730,Yes
212,Kyle,Brown,1964-04-12,tina49@example.org,001-472-600-7843,Yes
213,Ann,Scott,1962-01-06,kle@example.net,5628669998,Yes
214,Tracy,Johnson,1962-09-13,kathleenmoon@example.net,620-326-6035x17907,Yes
215,Samantha,Stevens,1954-01-24,caitlin24@example.com,495.332.4084x127,Yes
216,Anne,Mcmillan,2000-06-03,beverly79@example.com,225.868.4751x0202,Yes
217,Todd,Young,1964-09-19,raywilliam@example.net,2352820647,No
218,Ashley,Thompson,1956-10-10,dhall@example.net,(660)880-5032x43308,No
219,Cindy,Smith,1991-04-10,fitzpatricktracy@example.com,998.887.7217x678,Yes
220,Susan,Thornton,1993-03-18,billy66@example.net,542-222-0140x3452,Yes
221,Jennifer,Zimmerman,1973-03-22,murraymatthew@example.org,953.339.2734x519,No
222,Elizabeth,Proctor,1948-06-21,stephanie39@example.org,8814524532,No
223,Elizabeth,Gardner,1998-02-05,bowmanpaul@example.net,(972)275-0195x13688,Yes
224,Karen,White,1997-08-04,thomaschapman@example.com,(347)274-6046x833,Yes
225,Trevor,Chandler,1974-03-20,sarah15@example.org,001-367-296-5284x089,No
226,Paul,Peterson,1974-09-08,justin37@example.net,+1-746-375-7473x16407,No
227,Beth,Williams,1956-12-11,freemanteresa@example.com,001-499-488-0608x83453,Yes
228,Joshua,Williams,1985-11-16,amybarber@example.org,+1-736-590-2094,No
229,Judith,Brock,1983-09-14,jacquelinehayes@example.com,001-310-352-4416x86046,Yes
230,Christopher,Williams,1978-06-24,ohahn@example.net,+1-410-675-5691x1923,No
231,Alan,Vargas,1993-06-20,rachael95@example.net,001-924-361-3436x34239,Yes
232,Cory,Campbell,1973-03-19,stewartpatricia@example.com,001-915-425-3400x44377,Yes
233,Laura,Ramirez,1990-12-19,alexander68@example.com,405-463-5534,No
234,Chris,Sandoval,1996-03-28,kathleenbrown@example.com,+1-852-468-9044,Yes
235,Seth,Burnett,1971-02-11,travisjon@example.net,001-957-494-1470x686,Yes
236,Daniel,Wyatt,1965-10-19,austinjohnson@example.org,(623)876-6759,Yes
237,Gary,Williams,1946-02-11,kelsey43@example.com,416.409.4855x8053,Yes
238,Ashley,King,1992-08-13,hallloretta@example.net,618.314.5117x266,No
239,Zachary,Williamson,1996-03-28,stacy78@example.org,754-982-9285x388,No
240,Michele,Bryant,1945-02-14,kimberlycurtis@example.org,435-216-6239,No
241,Adam,Leon,1990-05-20,crystal49@example.com,+1-371-522-4644,Yes
242,Rodney,Lewis,1961-12-12,jackiesheppard@example.com,503.346.7640x955,No
243,Dana,Cabrera,1996-01-12,swhite@example.org,853-334-1036x39734,No
244,Sandra,Wagner,1972-04-18,copelandjoseph@example.org,001-382-431-4614,No
245,Brittany,Davis,1950-08-12,richardsanders@example.com,393-362-7624,No
246,Sonya,Cook,2002-09-15,holly06@example.com,+1-865-353-5267x7075,Yes
247,Lauren,Mccarthy,1976-02-17,hendersonheather@example.com,001-762-819-4223,Yes
248,Travis,Cervantes,1988-03-27,thomasstephens@example.org,278.898.2269,No
249,Michael,Green,1995-09-29,sampsonjackie@example.net,001-777-441-9872x2488,No
250,Jeffery,Harris,1970-09-03,okennedy@example.net,(464)992-1505x138,Yes
251,Adrian,Pena,1967-08-20,jessicaaguilar@example.com,530-746-1821x440,Yes
252,Katie,Graham,1948-04-18,sanchezchris@example.org,281.447.1042x8882,Yes
253,Candace,Austin,2004-08-18,thomas61@example.org,867-658-9922x87947,No
254,Jennifer,Short,1989-08-25,kanderson@example.net,(712)883-4426,No
255,Melissa,Johnson,1984-06-25,adamsjohn@example.org,001-980-703-3054x034,No
256,Rebecca,Barnett,1944-10-03,krodgers@example.org,361.230.0593x678,No
257,Deborah,Perkins,1980-09-16,kingtrevor@example.com,751-229-0229,Yes
258,Adrian,Morales,1973-11-29,gonzalezdarrell@example.com,001-412-870-6019,No
259,Deborah,Case,1959-01-22,alejandro98@example.net,+1-474-755-5974x980,Yes
260,Melissa,Everett,1959-02-09,jasminecervantes@example.net,(980)910-1646x6431,Yes
261,Stacie,Gonzalez,1978-07-04,patrick44@example.net,629-400-7074x75901,No
262,Theresa,Brown,1987-07-06,jenniferstone@example.com,(702)363-7316x63794,Yes
263,Jacob,Potter,1996-12-08,gcervantes@example.org,248-850-4517x58147,Yes
264,Shelly,Clark,1981-01-05,michelle63@example.org,9983183473,No
265,Michael,Thomas,2001-04-25,karen14@example.net,(581)787-4413,No
266,Jeffrey,Young,1975-06-24,yward@example.net,717-797-8101x7041,No
267,Cynthia,Hartman,1960-10-17,buchananjames@example.com,564-935-1132x3321,Yes
268,William,Boyer,1966-01-25,hensonmichael@example.com,(485)216-5984x54267,No
269,Timothy,Lutz,1943-08-04,shepherdtiffany@example.org,242.625.1715x0748,Yes
270,Mary,Woods,1978-03-17,luke27@example.org,(582)731-6758,No
271,John,Mitchell,1979-01-15,anthony32@example.net,001-461-335-8981x9789,Yes
272,Jesus,Torres,1967-01-15,sjackson@example.net,338.370.7354x0066,Yes
273,Nathan,Smith,1987-10-22,rhondacrawford@example.com,794-227-7909,No
274,Scott,Morgan,1994-01-06,ohorn@example.org,319-312-0687,Yes
275,Tamara,Hughes,1953-05-25,george43@example.com,001-523-834-2819x768,Yes
276,Timothy,Hayes,1944-07-19,pschneider@example.net,001-581-642-9457,No
277,Edwin,Mckinney,1954-07-29,angela47@example.com,+1-891-262-7970x66520,No
278,Kimberly,Jones,2003-11-16,halldesiree@example.net,793-958-1412x748,No
279,Christopher,Baker,1975-11-02,williamsjoseph@example.com,836.495.1673,No
280,Brandon,Davis,1949-10-09,ccox@example.org,(519)509-2291x5072,No
281,Sarah,Berry,1960-08-27,whitematthew@example.net,603.273.6199x59881,Yes
282,Angela,Webster,2001-06-27,rebecca79@example.net,+1-569-980-1469x76062,Yes
283,Jose,Watson,1965-03-06,imiranda@example.com,(284)680-1785x7462,No
284,Randy,Rodriguez,1995-01-30,maynardnicole@example.com,455-604-2507x594,No
285,Tiffany,Santos,1985-11-03,kking@example.org,831-433-2241x136,No
286,Marissa,Jones,1982-04-02,brianwebb@example.org,(887)415-2184x424,No
287,Diane,Rocha,1991-01-18,brownjennifer@example.com,835-529-0559x212,Yes
288,Angela,Gibson,1995-05-10,kevinstein@example.com,(237)873-9600x2773,No
289,Thomas,Griffith,1964-12-13,james99@example.com,700-623-8068x30533,Yes
290,Tiffany,Cannon,1995-02-24,victoriaedwards@example.net,832.685.0868,No
291,Jennifer,Johnson,2003-06-29,whiteerin@example.com,(728)956-6659,No
292,Leslie,Graves,1954-08-03,raymond19@example.org,468-366-5285x9404,Yes
293,Darrell,Moreno,1982-08-13,megandavis@example.com,+1-878-558-6922x878,No
294,Scott,Cook,1994-03-06,melissaflores@example.org,840-982-0926x5976,No
295,Bonnie,Anderson,1964-03-25,ryanpatrick@example.net,307-573-3959x3230,Yes
296,Benjamin,Smith,1965-09-04,victoriajohnson@example.com,967-744-9521x524,Yes
297,Olivia,Simpson,1985-02-27,ehorn@example.org,650-868-3710x637,No
298,Krystal,Allen,1955-03-07,rgilbert@example.net,267.878.3740,Yes
299,Jonathan,Lin,1978-08-21,tracy52@example.org,001-918-420-2879x845,Yes
300,Michael,Mendoza,2001-06-28,uperry@example.org,001-381-749-2953x864,Yes
301,Phillip,Johnson,1983-04-15,robinfischer@example.net,001-289-666-6083x783,Yes
302,Charles,Wilson,1953-02-11,adam61@example.org,+1-301-909-6545x702,Yes
303,Kurt,Phillips,1966-12-24,michellesantos@example.org,533.911.0336x19822,Yes
304,Bradley,Wright,1960-05-24,james69@example.net,(238)355-0003,No
305,Isaac,Richard,2003-10-09,perezstephanie@example.org,579-806-3774,Yes
306,Jacob,Acosta,1991-04-06,zamorakaitlyn@example.net,515.408.8512,Yes
307,Wendy,Johnson,1950-02-22,russelldonald@example.org,340.960.8003x565,No
308,Sydney,Richardson,1989-09-09,amanda66@example.net,451-201-1754x26799,No
309,Anthony,Williams,1952-08-25,joanna54@example.org,617.842.1873,No
310,Traci,Rivers,2001-09-04,thomas25@example.com,498.262.9572x51424,No
311,Angela,Harris,1952-11-16,greenchelsea@example.net,464.527.0210x855,Yes
312,Michele,Perry,1989-05-23,xwhite@example.org,835.291.1855,No
313,Judith,Daniel,1961-02-04,hscott@example.net,(231)357-1833x33700,Yes
314,Isabel,Schwartz,2000-09-07,wayneibarra@example.net,(309)258-7005,No
315,Mathew,Hall,1988-09-15,patrick89@example.net,001-995-714-4452,Yes
316,Michelle,Ruiz,1999-07-26,uwang@example.net,+1-403-836-7279x9776,No
317,Samantha,Luna,1944-01-25,sharonzimmerman@example.org,5396532359,Yes
318,Kevin,Adams,1944-08-20,youngpeter@example.com,(883)952-6299x83964,No
319,Samantha,Barnes,1975-04-04,nbell@example.com,+1-994-523-5863,Yes
320,Sergio,May,2004-12-23,kristinacarey@example.net,551.227.1419,No
321,Denise,Perry,1950-10-25,qprice@example.com,(975)922-4356x50301,Yes
322,Molly,Spence,1971-04-20,ohernandez@example.net,(446)925-2702,Yes
323,Tamara,Lewis,1979-08-17,mark14@example.com,+1-372-977-3967x260,Yes
324,Carol,Mcpherson,2003-11-28,brady63@example.org,629-564-5444,No
325,Erica,Henry,1945-06-10,collinsjustin@example.net,5263982654,Yes
326,Karen,Brown,1972-01-27,wisewhitney@example.com,+1-275-605-0636x94621,Yes
327,Anna,Tanner,1952-03-18,beasleysteven@example.org,714.387.0802,No
328,Jeffrey,Cook,1965-04-18,jordanelizabeth@example.net,376-607-6192x02521,No
329,William,Sanders,1949-01-04,stewartkelsey@example.org,209.527.2759x59651,No
330,Tiffany,Anderson,1996-05-06,larrymartinez@example.net,001-910-881-4894,Yes
331,Julie,Evans,1992-09-20,adam08@example.com,482.925.3019x94110,Yes
332,Christopher,Dickson,1973-12-15,rodriguezrebecca@example.org,713.748.3583,Yes
333,Mariah,Livingston,2003-07-15,ugardner@example.net,+1-332-357-3618,Yes
334,Anita,Cox,1998-10-23,joyhammond@example.net,+1-843-729-9222x1526,Yes
335,Donna,Moore,1957-07-08,sarahchapman@example.org,001-630-392-8191x16970,Yes
336,Linda,Jones,1952-02-24,pennyjohnston@example.com,(264)991-1063x2396,No
337,Charles,Perez,1995-01-23,haleypeter@example.org,001-207-673-0659x3193,No
338,Andrew,King,1942-11-27,pmurillo@example.com,001-468-766-5115x925,No
339,Sophia,Dominguez,1955-09-05,jerry50@example.com,863-612-3419,Yes
340,Matthew,Ho,1958-01-29,daniel12@example.com,(429)329-8649x202,Yes
341,Bradley,Duran,1980-09-29,morenosandra@example.com,001-599-876-5861x731,No
342,Abigail,Gibbs,1989-03-03,adamsmith@example.org,277.517.0597x474,Yes
343,Christine,Schmidt,1990-07-01,williammiller@example.com,537.267.3723,No
344,Anthony,Frank,1948-07-11,stoneray@example.com,+1-436-754-2126x0924,No
345,Mary,Myers,1972-11-22,qallison@example.com,001-958-946-1879,No
346,Samantha,Fox,1945-06-11,lawrencelong@example.net,001-713-694-1879x381,No
347,William,Brown,1968-01-09,lindsay00@example.net,+1-587-468-2415,No
348,Ruth,Pope,1945-05-22,wflores@example.com,001-935-608-6738,No
349,Ryan,Moreno,1984-12-13,randersen@example.net,+1-685-961-7062,Yes
350,Rachel,Perez,2002-01-19,jgarcia@example.org,001-885-780-2214x43180,Yes
351,Matthew,Barton,1943-04-02,benjaminschultz@example.net,001-207-456-6508x5032,Yes
352,Mark,Harmon,1973-10-27,lavery@example.net,7833430443,No
353,Chelsey,Underwood,1958-07-31,jessica74@example.org,(524)380-6315x08533,No
354,Lisa,Buck,2002-12-09,gharper@example.net,001-739-649-2454x848,No
355,Melissa,Gross,1993-06-07,barrleah@example.net,296-661-0572,Yes
356,Phillip,Reynolds,1991-06-01,john73@example.net,001-624-267-9564x39722,Yes
357,Brandi,Snyder,1974-07-04,yrivera@example.com,6207053804,No
358,Samantha,Shaffer,1976-10-09,mayereddie@example.net,665-953-4204,Yes
359,Taylor,Rasmussen,1961-02-26,robertsnicole@example.net,(714)985-8722x9532,No
360,Jenna,Cain,1997-12-11,lynnroach@example.org,557.447.9866x145,No
361,Michelle,Williams,1950-03-26,xholt@example.org,207-539-1313x207,No
362,Nicole,Miller,1963-11-06,uzhang@example.org,+1-413-362-1378x648,Yes
363,Bryan,Vargas,1999-05-12,elittle@example.com,001-696-483-0587,Yes
364,Wesley,Benitez,1958-03-16,roger93@example.org,2035705329,Yes
365,Deborah,Buchanan,1969-11-01,msantos@example.com,+1-466-757-3175x2781,Yes
366,Kenneth,White,1997-08-24,chad00@example.com,+1-222-560-4727x173,Yes
367,Penny,Martinez,1978-10-04,wsalazar@example.com,+1-809-994-7492x65231,Yes
368,Alyssa,Cox,1991-07-12,manuel58@example.net,9142015969,Yes
369,Eric,Mcbride,1963-01-30,dchang@example.com,+1-965-477-0175x19545,No
370,Joseph,Burgess,1990-08-07,joshuahartman@example.com,(698)936-2660x3422,Yes
371,Jose,Contreras,1986-01-30,eric46@example.com,9836589302,No
372,Lindsey,Young,1995-10-10,wsalas@example.org,447-474-3663,No
373,Jennifer,Pugh,1991-08-05,perkinsbenjamin@example.org,+1-335-783-3521x044,Yes
374,Francisco,Jackson,1955-11-27,shannoncollins@example.com,556-953-2470,Yes
375,Ryan,Lee,1975-07-21,krogers@example.net,001-987-320-2719x239,No
376,Peter,Freeman,2001-03-17,aarongibbs@example.com,3189001228,No
377,Nathan,Scott,1978-08-12,reginasanchez@example.net,519-312-0890,No
378,Kimberly,Fox,1949-10-28,lthornton@example.org,+1-850-560-4767x937,Yes
379,Nicholas,Weiss,2005-01-03,lnovak@example.org,709.565.1133,Yes
380,Jesse,Chapman,1962-08-08,laraanthony@example.net,345-514-7192x8437,Yes
381,Gregory,Everett,1949-08-20,wmcintyre@example.net,(810)358-0732,No
382,Jenna,Reed,1989-12-22,christopher67@example.org,582-467-3937x24341,Yes
383,Connie,Mercado,1965-05-21,brendafry@example.net,(433)681-4132,No
384,Ashley,Trevino,1973-08-06,twarren@example.org,728.785.2009x30585,No
385,Amanda,Henry,1959-05-10,bmendez@example.net,676.221.7443x16575,No
386,Steve,Santos,1972-06-16,spencerkenneth@example.org,594.330.7743,No
387,Lawrence,Williams,1982-01-03,noblerobert@example.com,001-528-209-8835x6610,Yes
388,Jose,Fitzgerald,1959-07-29,olarson@example.com,458-262-9048,Yes
389,Veronica,Holmes,1950-07-11,jennifer35@example.com,780-420-8800,Yes
390,Nicholas,Manning,2000-07-31,zachary62@example.org,264-317-6253,Yes
391,Christine,Robinson,1998-03-23,qrobinson@example.org,796.801.7590,No
392,Mark,Berry,1999-11-19,umendoza@example.net,+1-347-798-8081x4014,No
393,Clifford,Benjamin,2000-02-02,penaerica@example.net,(925)502-6220,No
394,Anthony,Rodriguez,1994-05-16,awilson@example.org,332.698.0251,Yes
395,Dennis,Mueller,1977-10-25,abbottjennifer@example.net,+1-538-398-5026x77189,No
396,Susan,Jackson,1956-12-02,meganward@example.com,765-366-8446x42824,No
397,Christopher,Barton,1943-02-09,sgates@example.com,001-965-981-1405,No
398,Leslie,Marshall,1970-08-26,patrick88@example.org,947.581.6834,No
399,Darlene,Singh,1963-01-19,thomasjulie@example.org,(668)925-7629x403,No
400,Christopher,Jacobs,1955-05-25,ryan51@example.net,537.964.9709x82999,No
401,Susan,Williams,1971-06-09,nicholas03@example.org,001-585-746-0158x863,Yes
402,Steven,Perry,1976-09-29,juliacrosby@example.net,957-967-4150x53508,Yes
403,William,Maldonado,2005-08-31,emoore@example.org,489.531.4392x5811,Yes
404,Allison,Hoffman,1965-03-14,margaret23@example.net,001-664-823-4331x7999,Yes
405,Nicholas,Murillo,1957-10-20,ricekyle@example.com,306.523.0489,No
406,David,Harris,1964-03-29,rangeljacob@example.net,953.583.9604x815,No
407,Raymond,Robbins,1990-06-02,kristaharris@example.com,001-443-526-5078x49739,Yes
408,Diana,Henson,1985-01-23,karenmiranda@example.com,887-332-9184x02085,Yes
409,Patrick,Nelson,1956-06-04,ggray@example.com,+1-780-592-5035x9620,No
410,Kathleen,Stewart,1947-03-08,gchoi@example.net,288.299.9830x131,No
411,Danny,Adams,1951-03-12,ebenton@example.org,(842)372-9130,Yes
412,Heather,Bradshaw,1961-02-06,sandrawilliams@example.org,3584912040,No
413,Stephen,Harris,1958-11-02,heatheraguilar@example.org,001-811-228-4069x23305,Yes
414,Jenna,Mcmahon,1992-09-08,crawfordashley@example.com,566-617-4878x5682,Yes
415,Michael,Johnston,1974-09-24,halljason@example.net,001-877-649-3312x827,No
416,Steven,Watkins,1968-10-02,amylopez@example.com,7753764256,No
417,Michelle,Sanders,1976-02-29,xhiggins@example.net,527.260.2529x644,Yes
418,Stacey,Rodriguez,1988-12-28,david87@example.org,8288758521,No
419,Edward,Rocha,1986-12-08,joshuafry@example.net,(966)429-4356x5196,No
420,Kelly,Ramirez,1959-09-15,wkennedy@example.net,(955)696-6841,No
421,Henry,Roth,1995-12-13,elizabeth51@example.net,302-854-2354x10789,Yes
422,Melanie,Nash,1988-06-18,ymiller@example.net,642-624-0019x127,Yes
423,Anthony,Barrett,1986-11-24,danthony@example.com,617-767-7248x85811,No
424,Heather,Austin,1976-04-10,lisadean@example.org,794-315-3791x65023,Yes
425,Kara,Stevens,1976-06-10,andrew26@example.net,341-449-1828x70242,Yes
426,Charles,Hunt,1970-11-18,starkevan@example.net,584.997.5486x791,Yes
427,Johnny,Riggs,1961-11-21,lorimcclain@example.net,624-523-3561,Yes
428,Danny,Wilson,1997-02-11,kristendean@example.com,(773)265-9639,No
429,Mark,Peters,1983-10-19,bendermatthew@example.org,916-204-1727x46609,Yes
430,Victoria,King,1985-10-05,haley90@example.org,(610)230-9725,No
431,Sydney,Tran,1953-04-27,padillaalexandra@example.com,(653)326-1313x362,Yes
432,Abigail,Huffman,1988-05-20,carol63@example.com,(510)408-3321x28269,No
433,Danielle,Wright,1963-12-22,timothyhernandez@example.org,557-663-1301,No
434,Selena,Morales,1972-10-30,shannonjose@example.net,001-778-400-0698x394,Yes
435,Kathy,Perez,1963-09-25,patrickrogers@example.net,(895)575-1513x81409,Yes
436,Allison,Williams,1996-02-24,steve98@example.com,001-896-881-4537x4269,No
437,Jeffrey,Torres,1992-05-27,juliehorn@example.org,001-940-267-4441x54990,No
438,Christopher,Brown,1985-04-08,lowesteven@example.com,498-683-7030x92817,Yes
439,Jeffrey,Bryant,1990-05-10,melissabond@example.org,+1-448-452-0840x59230,No
440,Heather,York,1961-10-09,tsanders@example.org,939.950.5429,Yes
441,Marcus,Shelton,1966-12-28,stephaniejohnson@example.org,001-591-723-7589x0766,No
442,Steven,Moody,1970-03-10,nealbrenda@example.org,(882)633-6407,No
443,Jeremy,Brown,1967-10-10,michelle32@example.com,364-807-4180,Yes
444,Marco,Wright,1968-01-28,misty16@example.org,6654510219,Yes
445,Sara,Garcia,2005-01-05,angela01@example.org,(957)221-6424,Yes
446,Sarah,Anderson,1956-02-04,annadoyle@example.com,846-230-8284x8038,No
447,Peter,Lam,2001-05-13,taylorerin@example.net,+1-403-300-7241x7126,No
448,Caitlin,Hernandez,1956-02-06,kingjessica@example.org,8522473993,No
449,Robert,Figueroa,1995-12-02,heathertrevino@example.com,871-398-2663x4546,Yes
450,Amanda,Hernandez,1976-01-02,kfrye@example.org,648.237.1002,No
451,John,Rush,1985-09-28,pamelascott@example.org,(602)581-4115x06416,No
452,Jennifer,Welch,1984-08-18,cstrong@example.com,+1-224-791-5235x21262,Yes
453,James,Mcdowell,1987-06-22,jenniferroberts@example.org,979.640.1875x1355,Yes
454,Michael,Richardson,1981-06-21,susanfoster@example.com,328.458.9346,Yes
455,Michelle,Spencer,1976-05-17,craig21@example.net,(276)992-1813x997,No
456,Andrew,Dawson,1961-06-09,jennifermontoya@example.com,808.970.8885x0285,No
457,Jonathan,Anderson,1989-11-17,eddiehernandez@example.com,5029691407,Yes
458,Stephanie,Bryant,2005-02-10,donnastone@example.net,873.491.3081x726,Yes
459,Linda,Miller,1945-07-26,floydchristopher@example.net,001-677-800-7796x614,Yes
460,David,Mason,1977-10-15,nking@example.net,001-407-428-6768,Yes
461,John,Glover,1993-08-15,gregorycarrillo@example.org,(623)472-6247x09790,No
462,Heather,Brooks,1986-12-11,jeffreyporter@example.org,508.290.7034x4257,No
463,Matthew,Garcia,1963-06-05,rachel93@example.net,(884)356-5871x6701,Yes
464,Jennifer,Warren,2005-03-03,hmoody@example.org,427.277.6198,Yes
465,Scott,Sparks,1996-03-19,christopher47@example.net,490.970.1028x088,No
466,Jason,Mcintosh,1965-09-09,dixonjason@example.com,865-595-7853x3642,No
467,Sylvia,Huynh,1969-11-30,gturner@example.net,546.615.2640,Yes
468,Debbie,Wallace,1959-03-22,ywilliams@example.net,775-768-1490,Yes
469,Becky,Smith,1945-10-05,diana97@example.com,(966)614-0494,No
470,Jennifer,Tran,2000-08-20,william87@example.net,(347)390-8634,Yes
471,Katie,Lopez,1974-05-03,hendersonashley@example.net,+1-714-385-9548,Yes
472,Michael,Harris,1978-09-17,sabrinacarter@example.org,9254008996,No
473,Natalie,Williams,1959-02-02,paul61@example.org,+1-839-865-9398x39824,Yes
474,Scott,Hall,1970-08-22,daniel71@example.com,658.638.5700x961,Yes
475,Charles,Lowe,1956-10-07,lisalong@example.net,+1-847-487-1230,No
476,Kylie,Rosario,1995-07-24,blakethomas@example.org,+1-944-435-5154,No
477,Destiny,Baird,1957-07-28,frederickjustin@example.net,979.878.8994,No
478,Bethany,Reyes,1957-01-06,terrirojas@example.net,+1-508-483-0720x3219,Yes
479,Jennifer,Lewis,1949-08-25,thompsonjohn@example.net,+1-270-952-9262x01029,No
480,Patrick,Lane,2004-10-18,ustewart@example.net,001-650-613-7548x25209,No
481,Melissa,Wilson,1952-09-27,ydavis@example.com,001-807-761-8608x7496,No
482,Alexa,Stephenson,1978-08-14,sandersmegan@example.net,(401)369-3003x273,Yes
483,Joshua,Howell,1975-06-15,gcrawford@example.com,2148687884,No
484,Terry,Wilson,1988-09-05,jesus30@example.net,(235)968-3590x078,Yes
485,Jasmine,Berry,1968-01-04,david40@example.com,+1-742-819-6648x334,Yes
486,Nicole,Parker,1960-04-03,darrenmartin@example.org,904-646-7959x618,No
487,Angela,Kerr,2000-09-10,nicole82@example.org,+1-405-388-8898x700,Yes
488,Pamela,Miller,1969-10-14,william69@example.com,291.323.8083x68945,No
489,Matthew,Singh,1972-10-13,hamiltonmelissa@example.com,+1-881-787-3417x968,No
490,Dylan,Campbell,1984-08-14,ortegaamanda@example.net,2299960899,Yes
491,Elizabeth,Hernandez,1955-08-13,nicholascompton@example.net,001-877-659-1409,Yes
492,Cathy,Smith,1983-09-09,pramos@example.net,341-258-7472x001,Yes
493,Ashley,Whitaker,1965-07-13,dpearson@example.org,941.822.3061,No
494,Jasmine,Thompson,1982-04-01,james73@example.com,321.668.6171x87295,Yes
495,Kimberly,Banks,1952-11-27,juliamaynard@example.org,001-304-297-8775x278,Yes
496,James,Thomas,1949-10-04,amy25@example.net,(383)767-9894x715,Yes
497,Mikayla,Hill,1975-12-26,ronald81@example.com,627-264-5007x3592,Yes
498,Jack,Taylor,1998-05-21,lisalara@example.com,001-926-503-7302x31248,Yes
499,Carol,Kramer,1952-02-04,paguirre@example.com,2486095008,Yes
